h_ct,h_lat,h_lon
48015760100,29.66414692,-96.10298513
48015760200,29.7828335,-96.10765895
48015760300,29.79322517,-96.24916995
48015760400,29.96097094,-96.4545312
48015760501,30.02948835,-96.28303013
48015760502,29.94195181,-96.17883489
48039660100,29.55237853,-95.23175252
48039660200,29.51233876,-95.23714176
48039660300,29.54406156,-95.26109247
48039660400,29.57580439,-95.27143274
48039660500,29.57783454,-95.31804696
48039660601,29.57156036,-95.36953279
48039660602,29.53281592,-95.41160357
48039660701,29.54945873,-95.35809444
48039660702,29.50913891,-95.36363215
48039660801,29.5530748,-95.30993522
48039660802,29.53973517,-95.30516203
48039660900,29.50593203,-95.28771291
48039661000,29.46626559,-95.29754248
48039661100,29.44099195,-95.22842801
48039661200,29.41540354,-95.23766882
48039661300,29.42824841,-95.25816429
48039661400,29.40908583,-95.25990536
48039661501,29.43899853,-95.32439751
48039661502,29.3918801,-95.31192601
48039661601,29.39109506,-95.21233785
48039661602,29.35187279,-95.25161371
48039661700,29.22678087,-95.20837565
48039661800,29.36736713,-95.37415931
48039661900,29.35261998,-95.49675218
48039662000,29.22952339,-95.68511657
48039662100,29.19688501,-95.50984408
48039662200,29.25423302,-95.40065842
48039662300,29.17545442,-95.42294505
48039662400,29.19798265,-95.34683122
48039662500,29.11817294,-95.54202931
48039662600,29.11015102,-95.64410559
48039662700,29.13928937,-95.7823637
48039662800,29.01854226,-95.69764531
48039662900,29.05950934,-95.61221071
48039663000,29.00762528,-95.53829373
48039663100,29.08437527,-95.47515375
48039663200,29.05234717,-95.44888183
48039663300,29.03677801,-95.44265587
48039663400,29.0250348,-95.45289045
48039663500,29.02638581,-95.42760389
48039663600,29.05058439,-95.42485875
48039663700,29.05789136,-95.41245987
48039663800,29.02957729,-95.41058212
48039663900,29.01406754,-95.40387815
48039664000,29.06424879,-95.38276556
48039664100,29.08143539,-95.31801057
48039664200,29.04964034,-95.23562262
48039664300,28.9681168,-95.3637576
48039664400,28.91471796,-95.38250672
48039664501,28.92675967,-95.53024304
48071710100,29.85878944,-94.85543704
48071710200,29.76430556,-94.84473401
48071710300,29.83680706,-94.63301339
48071710401,29.76670988,-94.4223323
48071710500,29.65574203,-94.5827719
48071710600,29.6286549,-94.84746535
48089750100,29.61438373,-96.33972446
48089750200,29.45357025,-96.51533497
48089750300,29.62308656,-96.70305022
48089750400,29.80235238,-96.52634213
48089750500,29.66947878,-96.54650304
48157670101,29.58858164,-95.45227602
48157670102,29.58453789,-95.46389084
48157670200,29.59395492,-95.47631856
48157670300,29.59513074,-95.48786694
48157670400,29.60823837,-95.50078244
48157670500,29.61218094,-95.52014999
48157670601,29.59050917,-95.51519339
48157670602,29.58959134,-95.49885149
48157670700,29.56412756,-95.46559636
48157670800,29.52330521,-95.46689472
48157670901,29.55024851,-95.52648945
48157670902,29.54760803,-95.48352239
48157671001,29.57232803,-95.55197179
48157671002,29.57328255,-95.5325607
48157671100,29.59241435,-95.5480369
48157671200,29.60468176,-95.53580199
48157671300,29.61105554,-95.55277381
48157671400,29.61461353,-95.57420283
48157671501,29.59437435,-95.57296168
48157671502,29.57717298,-95.57085128
48157671601,29.59854194,-95.60452332
48157671602,29.59220855,-95.58754957
48157671700,29.613518,-95.5950451
48157671800,29.62984206,-95.55835934
48157671900,29.65192943,-95.58734123
48157672001,29.64500154,-95.60830677
48157672002,29.64125155,-95.58927781
48157672100,29.61361338,-95.6232361
48157672200,29.62954028,-95.63796964
48157672301,29.65647348,-95.63435463
48157672302,29.64329498,-95.63105941
48157672400,29.67145213,-95.63197329
48157672500,29.68569822,-95.65428716
48157672601,29.69672977,-95.67717522
48157672602,29.6853614,-95.6748864
48157672701,29.66537802,-95.66258729
48157672702,29.64290478,-95.66915719
48157672800,29.62223183,-95.66680717
48157672900,29.67294186,-95.71495938
48157673001,29.7437182,-95.76148418
48157673002,29.71878598,-95.72696781
48157673003,29.71565932,-95.76109586
48157673101,29.74138449,-95.8188303
48157673102,29.71877645,-95.78709855
48157673200,29.71743748,-95.92964847
48157673300,29.64754998,-95.90107574
48157673400,29.64515849,-95.78902129
48157673500,29.64159758,-95.72800237
48157673600,29.61077731,-95.72874035
48157673700,29.61961184,-95.70465733
48157673800,29.58716241,-95.71165623
48157673901,29.59196469,-95.6692837
48157673902,29.59442843,-95.64789008
48157674000,29.58641215,-95.61995424
48157674100,29.57912344,-95.59959871
48157674200,29.57150292,-95.62147334
48157674300,29.56356508,-95.57760946
48157674400,29.54496745,-95.60489048
48157674501,29.52442171,-95.52646543
48157674502,29.47721223,-95.50189158
48157674601,29.55649438,-95.68049248
48157674602,29.53067229,-95.62775478
48157674603,29.54351035,-95.69125578
48157674604,29.54856755,-95.71571185
48157674700,29.56847359,-95.72183412
48157674800,29.56655952,-95.77178312
48157674900,29.59453441,-95.77213828
48157675000,29.56629254,-95.79353885
48157675100,29.54949888,-95.77193146
48157675200,29.54316485,-95.79568515
48157675300,29.54556789,-95.82417931
48157675400,29.52238789,-95.8743071
48157675500,29.46896435,-95.66868448
48157675600,29.37796419,-95.71022763
48157675700,29.36401992,-95.86046138
48157675800,29.52922509,-95.97253892
48167720100,29.54302291,-95.20982502
48167720200,29.51421466,-95.1823212
48167720301,29.52079581,-95.20028449
48167720302,29.49862019,-95.21589995
48167720400,29.48368795,-95.19566614
48167720501,29.49959231,-95.14052108
48167720502,29.48402749,-95.11705049
48167720503,29.47984572,-95.15047602
48167720600,29.45045252,-95.14949867
48167720700,29.49228874,-95.09258855
48167720800,29.46821362,-95.07322807
48167720900,29.45532811,-95.05966528
48167721000,29.46181124,-95.00502668
48167721100,29.48038583,-95.02409516
48167721201,29.51489193,-95.05008018
48167721202,29.50272445,-95.02749369
48167721300,29.52040069,-95.08453763
48167721400,29.53373439,-95.04890465
48167721500,29.54749893,-95.0525999
48167721600,29.52728898,-95.00700781
48167721700,29.49673566,-94.97781228
48167721800,29.48557241,-94.94496124
48167721900,29.4288646,-94.99065952
48167722001,29.41994995,-94.91219656
48167722002,29.40131973,-94.93101153
48167722100,29.40242547,-94.90888608
48167722200,29.39009704,-94.90147139
48167722300,29.39011878,-94.92406007
48167722600,29.3882178,-94.96500871
48167722700,29.38696052,-94.98957699
48167722800,29.36576678,-94.96463702
48167722900,29.36326241,-94.98003807
48167723000,29.37380555,-94.98671014
48167723100,29.39182135,-95.01336708
48167723200,29.37204683,-95.02485515
48167723300,29.40146943,-95.0688318
48167723400,29.41057766,-95.13974021
48167723501,29.35538598,-95.07056021
48167723502,29.35383753,-95.12596826
48167723600,29.28960522,-95.03422095
48167723700,29.34359572,-94.98444232
48167723800,29.33164787,-94.94342415
48167723900,29.46984918,-94.71565437
48167724000,29.32312789,-94.8260034
48167724101,29.32588518,-94.75623615
48167724200,29.31972375,-94.77226347
48167724300,29.3077121,-94.78036194
48167724400,29.299008,-94.7843944
48167724500,29.30375088,-94.79451961
48167724600,29.29765348,-94.80807298
48167724700,29.29460409,-94.7998088
48167724800,29.29205939,-94.79279213
48167724900,29.28692005,-94.80139617
48167725000,29.28311851,-94.808191
48167725100,29.29077167,-94.8095776
48167725200,29.29048988,-94.82163828
48167725300,29.2861739,-94.82691816
48167725400,29.28192182,-94.8208615
48167725500,29.27541251,-94.81908563
48167725600,29.26752564,-94.8322468
48167725700,29.26501547,-94.84310284
48167725800,29.28280442,-94.85865458
48167725900,29.26408209,-94.8628342
48167726000,29.26295782,-94.92364656
48167726100,29.18332217,-95.02126356
48167726200,29.35881763,-94.91420252
48201100000,29.7573897,-95.36317158
48201210100,29.76706074,-95.35171532
48201210400,29.78644968,-95.36220748
48201210500,29.79525765,-95.36038282
48201210600,29.80704061,-95.36535982
48201210700,29.80672546,-95.35352668
48201210800,29.79436995,-95.34510604
48201210900,29.80415404,-95.33126731
48201211000,29.79708736,-95.33217041
48201211100,29.78711474,-95.33203505
48201211200,29.79817996,-95.32037153
48201211300,29.77744855,-95.32734701
48201211400,29.76588059,-95.32816441
48201211500,29.76650141,-95.29694751
48201211600,29.78097823,-95.31154531
48201211700,29.80022856,-95.30463181
48201211900,29.78381695,-95.29950976
48201212300,29.77519119,-95.3546588
48201212400,29.78751149,-95.28462136
48201212500,29.75418623,-95.27953281
48201220100,29.81516942,-95.34348622
48201220200,29.81657311,-95.36504528
48201220300,29.8242152,-95.36572592
48201220400,29.8330379,-95.36608543
48201220500,29.83621802,-95.38146896
48201220600,29.84180512,-95.36688016
48201220700,29.83429825,-95.34963325
48201220800,29.83087635,-95.33855618
48201220900,29.8489576,-95.33742566
48201221000,29.85970115,-95.34467489
48201221100,29.85987152,-95.35623267
48201221200,29.86459529,-95.37403474
48201221300,29.8523942,-95.3727789
48201221400,29.85343543,-95.39156623
48201221500,29.86499219,-95.39508296
48201221600,29.88177022,-95.40111684
48201221700,29.88196715,-95.37918497
48201221800,29.8824403,-95.36110029
48201221900,29.88186726,-95.34910233
48201222000,29.86833133,-95.33709702
48201222100,29.87955503,-95.33488115
48201222200,29.89404831,-95.32368034
48201222300,29.89623727,-95.34889211
48201222401,29.90058059,-95.39465116
48201222402,29.90913905,-95.38841292
48201222501,29.9283143,-95.40583971
48201222502,29.92390115,-95.38779832
48201222503,29.92060175,-95.40411677
48201222600,29.93574492,-95.39771089
48201222700,29.93508477,-95.33578883
48201222800,29.91809497,-95.36618578
48201222900,29.91438079,-95.34481881
48201223001,29.91233125,-95.31911521
48201223002,29.9067751,-95.32769566
48201223100,29.92527655,-95.32321827
48201230100,29.81402136,-95.32998106
48201230200,29.81955037,-95.30564997
48201230300,29.83473328,-95.3127196
48201230400,29.83057958,-95.32520546
48201230500,29.84880881,-95.32848428
48201230600,29.84487228,-95.3092658
48201230700,29.85300707,-95.30992678
48201230800,29.83982732,-95.29372359
48201230900,29.81786738,-95.28097567
48201231000,29.84021686,-95.27707191
48201231100,29.82895681,-95.25255531
48201231200,29.86524774,-95.24618083
48201231300,29.85769833,-95.27165864
48201231400,29.86483482,-95.28578945
48201231500,29.85984113,-95.2965469
48201231600,29.86174442,-95.30748467
48201231700,29.87618601,-95.31985657
48201231800,29.87710502,-95.30647064
48201231900,29.88244004,-95.27895281
48201232000,29.90430054,-95.27038482
48201232100,29.90531091,-95.30628928
48201232200,29.92553538,-95.25870374
48201232301,29.88191076,-95.21968537
48201232302,29.8590037,-95.20031624
48201232401,29.82341934,-95.19479414
48201232402,29.81219317,-95.18801413
48201232403,29.81167203,-95.20220908
48201232500,29.80557871,-95.24581265
48201232600,29.78318017,-95.24943244
48201232701,29.78864965,-95.22782735
48201232702,29.78511283,-95.21297737
48201232800,29.78601169,-95.20401362
48201232900,29.80025437,-95.196381
48201233001,29.79719293,-95.18255412
48201233002,29.80172767,-95.17014974
48201233003,29.79369853,-95.17074191
48201233101,29.78756136,-95.17932481
48201233102,29.78005765,-95.16371573
48201233103,29.77646439,-95.17627142
48201233200,29.7796873,-95.19213473
48201233300,29.75511795,-95.19926159
48201233400,29.77071824,-95.24650275
48201233500,29.76334826,-95.23920266
48201233600,29.75077564,-95.25962075
48201233701,29.735928,-95.24750298
48201233702,29.74754591,-95.23793762
48201233703,29.74306816,-95.22198118
48201240100,29.94539178,-95.40158866
48201240400,29.98684834,-95.38081164
48201240501,29.95890421,-95.39164709
48201240502,29.94844777,-95.39202649
48201240600,29.95817812,-95.40854983
48201240701,30.01009842,-95.41416919
48201240702,29.98045008,-95.406869
48201240801,30.02981882,-95.41840253
48201240802,30.02608868,-95.36500853
48201240901,30.01959212,-95.31764225
48201240902,30.01821353,-95.28494623
48201241000,30.05073291,-95.34052544
48201241101,30.06246469,-95.38911836
48201241102,30.0522611,-95.36502356
48201241103,30.04770897,-95.37946673
48201241200,30.04732413,-95.39755786
48201241300,30.06759156,-95.42159162
48201241400,30.08411307,-95.40076184
48201241500,29.96604491,-95.31434546
48201250100,29.96520501,-95.26444962
48201250200,29.94706044,-95.26097897
48201250301,29.95181119,-95.23224041
48201250302,29.971684,-95.20905377
48201250401,29.9870642,-95.17756845
48201250402,29.97220576,-95.17614221
48201250500,29.99311736,-95.19617333
48201250600,29.99038603,-95.24457069
48201250701,30.01235396,-95.22296221
48201250702,30.00323548,-95.17850631
48201250800,30.01763523,-95.15842334
48201250900,30.04460578,-95.15027691
48201251000,30.03516132,-95.19597221
48201251100,30.03502514,-95.23554013
48201251200,30.05764923,-95.22274046
48201251300,30.05609819,-95.19979907
48201251401,30.08088665,-95.19125042
48201251402,30.07320948,-95.2013093
48201251501,30.09930288,-95.16024529
48201251502,30.06154209,-95.17369964
48201251503,30.07361131,-95.18506563
48201251600,30.10141203,-95.11342525
48201251700,30.02497344,-95.08196286
48201251800,29.96263756,-95.03293961
48201251901,29.95191112,-95.10602242
48201251902,29.90813048,-95.09622614
48201252000,29.91855305,-95.17072706
48201252100,29.88567727,-95.13591585
48201252200,29.83766731,-95.15000811
48201252301,29.79614863,-95.15328481
48201252302,29.8043391,-95.13825513
48201252400,29.78183562,-95.14285603
48201252500,29.76256178,-95.12516989
48201252600,29.82701352,-95.10468871
48201252700,29.9156643,-95.02719967
48201252800,29.8620009,-95.03320041
48201252900,29.81318002,-95.05760192
48201253000,29.82270128,-95.01945847
48201253100,29.82614238,-94.96369014
48201253200,29.79315976,-94.9640746
48201253300,29.76369721,-95.05229077
48201253400,29.75458915,-95.01406602
48201253500,29.7775268,-95.00458644
48201253600,29.76144186,-94.99098736
48201253700,29.76363211,-94.97089575
48201253800,29.76636501,-94.94824582
48201253900,29.75091922,-94.93472297
48201254000,29.73494255,-94.94275587
48201254100,29.74638046,-94.95586391
48201254200,29.72871817,-94.96450797
48201254300,29.74229974,-94.9733315
48201254400,29.7261823,-94.97582765
48201254500,29.73562402,-95.0110305
48201254600,29.71818419,-95.00199454
48201254700,29.69990821,-94.95976771
48201310100,29.75452631,-95.34333931
48201310200,29.74347581,-95.35111732
48201310300,29.73645599,-95.33597466
48201310400,29.75100834,-95.32951916
48201310500,29.74738627,-95.31641763
48201310600,29.73253912,-95.32481962
48201310700,29.7210983,-95.31607205
48201310800,29.73024302,-95.31074245
48201310900,29.7357902,-95.30132532
48201311000,29.74513993,-95.29809421
48201311100,29.7332196,-95.28529768
48201311200,29.71927507,-95.29903859
48201311300,29.70972141,-95.29452901
48201311400,29.71923549,-95.27502534
48201311500,29.7083733,-95.28197063
48201311600,29.70110868,-95.28617179
48201311700,29.69994585,-95.30732363
48201311800,29.7059545,-95.3211185
48201311900,29.71691921,-95.32544285
48201312000,29.71716469,-95.34421251
48201312100,29.72227377,-95.34460502
48201312200,29.73210558,-95.34975687
48201312300,29.73772886,-95.36036725
48201312400,29.72989932,-95.36101599
48201312500,29.73996587,-95.37288745
48201312600,29.72520884,-95.38067385
48201312700,29.7265569,-95.36789891
48201312800,29.72195837,-95.35794093
48201312900,29.71448147,-95.36285902
48201313000,29.71903795,-95.37307345
48201313100,29.71082222,-95.38986392
48201313200,29.70679682,-95.36009945
48201313300,29.70447752,-95.33594574
48201313400,29.69419194,-95.33825285
48201313500,29.68871395,-95.34789305
48201313600,29.69164604,-95.35757468
48201313700,29.69750059,-95.36646106
48201313800,29.68799252,-95.37261992
48201313900,29.69186749,-95.38390264
48201314001,29.69892604,-95.39240481
48201314002,29.68787111,-95.39747541
48201314300,29.6836967,-95.41772337
48201314400,29.68989711,-95.40724821
48201320100,29.69466972,-95.28126831
48201320200,29.69547176,-95.26919292
48201320500,29.69876507,-95.24531342
48201320601,29.68405716,-95.26221692
48201320602,29.6780005,-95.25845644
48201320700,29.67048174,-95.25065499
48201320800,29.65980223,-95.24099408
48201320900,29.64831928,-95.23685126
48201321000,29.6378313,-95.22666472
48201321100,29.62160039,-95.20922851
48201321200,29.63660084,-95.20139328
48201321300,29.64632608,-95.21426603
48201321401,29.66552499,-95.22671475
48201321402,29.65661647,-95.21977217
48201321500,29.66503729,-95.21188631
48201321600,29.67720582,-95.21961843
48201321700,29.67797828,-95.23557413
48201321800,29.68787615,-95.23872794
48201321900,29.69577041,-95.22486367
48201322000,29.70116045,-95.21812211
48201322100,29.69004318,-95.21042121
48201322200,29.70440874,-95.21287224
48201322600,29.69905678,-95.15770903
48201322700,29.70180097,-95.16659399
48201322800,29.70612649,-95.1810699
48201322900,29.70347261,-95.1943059
48201323000,29.69489907,-95.19199442
48201323100,29.68842538,-95.16937431
48201323200,29.68690681,-95.18291768
48201323300,29.68716476,-95.20112547
48201323400,29.67660709,-95.19955542
48201323500,29.66342686,-95.20179452
48201323600,29.64678972,-95.19089522
48201323701,29.65774503,-95.17877215
48201323702,29.64531928,-95.17661474
48201323801,29.67438162,-95.18919352
48201323802,29.67324415,-95.17910149
48201323900,29.67350639,-95.16412083
48201324000,29.64160858,-95.1722417
48201324100,29.72558104,-95.18393032
48201324200,29.71584127,-95.245478
48201330100,29.63475516,-95.42071024
48201330200,29.63924613,-95.45469079
48201330301,29.63619538,-95.47217419
48201330302,29.61594831,-95.47685627
48201330303,29.62687165,-95.49785344
48201330400,29.61668856,-95.45550713
48201330500,29.62370708,-95.43061386
48201330600,29.61306858,-95.43296707
48201330700,29.59821005,-95.44209696
48201330800,29.60087153,-95.35986333
48201330900,29.61312559,-95.40256935
48201331100,29.67495297,-95.36911916
48201331200,29.66351735,-95.37052318
48201331300,29.64617734,-95.37918877
48201331400,29.65263946,-95.36241496
48201331500,29.62719081,-95.36910785
48201331601,29.62828292,-95.34813432
48201331602,29.62926608,-95.32306361
48201331700,29.64335868,-95.33275127
48201331800,29.65267875,-95.34545543
48201331900,29.66267336,-95.34669466
48201332000,29.67244021,-95.34681371
48201332100,29.6803818,-95.34438503
48201332200,29.68053677,-95.33004299
48201332300,29.66654619,-95.32349484
48201332400,29.65810925,-95.32881293
48201332500,29.66498466,-95.30720546
48201332600,29.67497869,-95.30697485
48201332700,29.68506624,-95.31393666
48201332800,29.69158939,-95.30744913
48201332900,29.69041922,-95.29047295
48201333000,29.68152143,-95.28492141
48201333100,29.67560798,-95.27850063
48201333201,29.66939644,-95.26995229
48201333202,29.65998196,-95.26462084
48201333300,29.63808028,-95.25343122
48201333500,29.66505503,-95.28296404
48201333600,29.65904184,-95.300049
48201333700,29.63561366,-95.29345132
48201333800,29.61220385,-95.28380017
48201333901,29.61357237,-95.25804185
48201333902,29.6178174,-95.24017939
48201334001,29.61553295,-95.22626852
48201334002,29.60834174,-95.21425691
48201334003,29.60549117,-95.23049267
48201334100,29.65399078,-95.41351288
48201340100,29.59365884,-95.18127393
48201340201,29.60933953,-95.16040284
48201340202,29.61580714,-95.12966026
48201340203,29.60791093,-95.10026422
48201340301,29.59149464,-95.12647509
48201340302,29.59605481,-95.11290303
48201340400,29.57975675,-95.11253975
48201340500,29.56708457,-95.12058504
48201340600,29.57586315,-95.13125243
48201340700,29.56277142,-95.13460724
48201340800,29.58149304,-95.14381875
48201340900,29.56632799,-95.15534416
48201341000,29.55102508,-95.14122474
48201341100,29.54230828,-95.12443344
48201341201,29.52684807,-95.11100738
48201341202,29.5450999,-95.08670529
48201341301,29.56895581,-95.090091
48201341302,29.55314874,-95.10738306
48201341400,29.58828452,-95.06341522
48201341501,29.57744359,-95.04060862
48201341502,29.56183213,-95.03603551
48201341600,29.5923629,-95.01480032
48201341700,29.62310446,-95.01177197
48201341800,29.63116562,-95.02553858
48201342001,29.64125322,-95.12909431
48201342002,29.63920674,-95.15263479
48201342100,29.65722811,-95.14224513
48201342200,29.67190734,-95.14639949
48201342300,29.67370026,-95.13121566
48201342400,29.69472112,-95.14836732
48201342500,29.69674658,-95.1335806
48201342700,29.69516835,-95.1186178
48201342800,29.69349,-95.10145831
48201342900,29.6717499,-95.10524428
48201343000,29.65769429,-95.10723941
48201343100,29.658388,-95.07933954
48201343200,29.6582809,-95.05538906
48201343301,29.68478256,-95.06520684
48201343302,29.66984944,-95.06680626
48201343600,29.71280263,-95.06267459
48201343700,29.63782001,-95.06066026
48201350100,29.57557098,-95.23603875
48201350200,29.59509246,-95.23243541
48201350300,29.58288356,-95.22485716
48201350400,29.59575882,-95.21008308
48201350500,29.58218335,-95.19581877
48201350601,29.55457842,-95.17262772
48201350602,29.53770845,-95.17736709
48201350700,29.53397192,-95.18698872
48201350801,29.52459404,-95.174451
48201350802,29.51811306,-95.1479792
48201410100,29.75726247,-95.38024077
48201410200,29.7574268,-95.39206708
48201410300,29.75675197,-95.40373446
48201410401,29.74751363,-95.40639248
48201410402,29.74749794,-95.39871712
48201410500,29.74910164,-95.38873414
48201410600,29.74634788,-95.37780977
48201410701,29.74178424,-95.38985005
48201410702,29.73641295,-95.38978419
48201410800,29.73852456,-95.40500775
48201410900,29.73293003,-95.39930968
48201411000,29.73778894,-95.41770072
48201411100,29.75037293,-95.41408035
48201411200,29.75308559,-95.43118038
48201411300,29.74908376,-95.45262138
48201411400,29.74464472,-95.43308144
48201411501,29.73549168,-95.44222574
48201411502,29.73498187,-95.42862499
48201411600,29.73547113,-95.45374649
48201411700,29.72548499,-95.45435539
48201411800,29.72719004,-95.42969679
48201411900,29.7278124,-95.39771855
48201412000,29.72153707,-95.41071343
48201412100,29.71722593,-95.40273235
48201412200,29.70693523,-95.41107061
48201412300,29.71575463,-95.42417744
48201412400,29.71620086,-95.43526751
48201412500,29.70895716,-95.43660068
48201412600,29.71483054,-95.44450789
48201412700,29.71349959,-95.45366775
48201412800,29.69785731,-95.45319814
48201412900,29.68467459,-95.44936698
48201413000,29.6973184,-95.44239809
48201413100,29.69855253,-95.43233676
48201413201,29.70101805,-95.42476966
48201413202,29.70112639,-95.41995158
48201413300,29.68772785,-95.4280528
48201420100,29.67330976,-95.43575104
48201420200,29.66799272,-95.44345648
48201420300,29.67152875,-95.45420192
48201420400,29.65769634,-95.45598321
48201420500,29.6500083,-95.47279105
48201420600,29.66110273,-95.47012969
48201420700,29.67202157,-95.46947907
48201420800,29.68430764,-95.46848228
48201420900,29.69712026,-95.47013765
48201421000,29.71317329,-95.46545145
48201421101,29.72230895,-95.47001346
48201421102,29.72117037,-95.48057008
48201421201,29.72267947,-95.48834593
48201421202,29.71813162,-95.49176048
48201421300,29.70912124,-95.50128921
48201421401,29.71444304,-95.49251104
48201421402,29.7145907,-95.4868557
48201421403,29.70912089,-95.48889615
48201421500,29.71170261,-95.47787094
48201421600,29.70162404,-95.48445284
48201421700,29.68653566,-95.48833153
48201421800,29.68382,-95.48065705
48201421900,29.67150742,-95.48485363
48201422000,29.66200135,-95.48465749
48201422100,29.64834917,-95.48706673
48201422200,29.63877694,-95.50134915
48201422301,29.64968322,-95.50455302
48201422302,29.64902687,-95.49713275
48201422401,29.66136397,-95.50481095
48201422402,29.65948463,-95.49682415
48201422500,29.67194544,-95.50031411
48201422600,29.68437619,-95.50020455
48201422701,29.69737534,-95.49997269
48201422702,29.69898906,-95.50936775
48201422800,29.69002866,-95.51778895
48201422900,29.68242942,-95.530155
48201423000,29.67785847,-95.51801174
48201423100,29.66926873,-95.54411414
48201423201,29.66094417,-95.54411289
48201423202,29.66443525,-95.53210819
48201423301,29.66961441,-95.51746437
48201423302,29.66061933,-95.51825287
48201423401,29.65000398,-95.51716269
48201423402,29.64855414,-95.52965171
48201423500,29.65094656,-95.54119042
48201423600,29.63680568,-95.51954586
48201430100,29.77615997,-95.46753118
48201430200,29.77591527,-95.4847406
48201430300,29.77152352,-95.4988319
48201430400,29.75859374,-95.51551176
48201430500,29.77955226,-95.52000258
48201430600,29.76475151,-95.53178129
48201430700,29.77687839,-95.53884881
48201430800,29.7758864,-95.55292989
48201430900,29.75836131,-95.54286938
48201431000,29.7474789,-95.54928908
48201431101,29.74415998,-95.53565834
48201431102,29.74150444,-95.52830688
48201431201,29.74036276,-95.51589656
48201431202,29.74383459,-95.50551436
48201431301,29.74387434,-95.49822486
48201431302,29.74362958,-95.49037569
48201431401,29.74442342,-95.48398913
48201431402,29.74386824,-95.47982267
48201431501,29.75573084,-95.48123666
48201431502,29.75353189,-95.49262588
48201431600,29.76452796,-95.48379883
48201431700,29.75822506,-95.46760974
48201431801,29.74442839,-95.47227923
48201431802,29.74748747,-95.46124544
48201431900,29.73457114,-95.46426279
48201432001,29.73468812,-95.47890051
48201432002,29.73463826,-95.49543972
48201432100,29.7336081,-95.51137103
48201432200,29.73296212,-95.53010333
48201432300,29.73256287,-95.54843511
48201432400,29.72349287,-95.54852667
48201432500,29.72456175,-95.5298849
48201432600,29.72587261,-95.51063943
48201432701,29.72755097,-95.49479839
48201432702,29.72887492,-95.47816671
48201432801,29.71781508,-95.50826077
48201432802,29.70817241,-95.51551055
48201432901,29.71625234,-95.52792148
48201432902,29.70975942,-95.53117996
48201433001,29.71567134,-95.54855493
48201433002,29.70930486,-95.54205019
48201433003,29.7083526,-95.55138492
48201433100,29.69701352,-95.55463812
48201433201,29.69838836,-95.54838487
48201433202,29.69680434,-95.54124817
48201433300,29.69843817,-95.5296222
48201433400,29.68608259,-95.54124916
48201433501,29.6813403,-95.54902745
48201433502,29.68028293,-95.5557007
48201433600,29.67034075,-95.55396402
48201440100,29.64400623,-95.54806552
48201450100,29.77715387,-95.56696182
48201450200,29.7790507,-95.57963166
48201450300,29.77738526,-95.59827558
48201450400,29.77888046,-95.61325585
48201450500,29.77821177,-95.63478949
48201450600,29.76924887,-95.61500801
48201450700,29.76684965,-95.58339275
48201450801,29.76018293,-95.56873118
48201450802,29.75290184,-95.56554672
48201450900,29.74212121,-95.56494111
48201451001,29.74241321,-95.57758273
48201451002,29.74084292,-95.58548677
48201451100,29.75638448,-95.58083433
48201451200,29.75580906,-95.59587022
48201451300,29.744513,-95.597607
48201451401,29.7503672,-95.61236675
48201451402,29.74125769,-95.61226544
48201451403,29.74567275,-95.62152226
48201451500,29.76011443,-95.6173612
48201451601,29.76405546,-95.63359785
48201451602,29.74565222,-95.63446924
48201451700,29.73243052,-95.63151707
48201451800,29.72026093,-95.63125365
48201451901,29.72181104,-95.61139635
48201451902,29.72245308,-95.59869775
48201452000,29.7326857,-95.60688058
48201452100,29.72630102,-95.58212455
48201452201,29.73225374,-95.56464171
48201452202,29.72262538,-95.56468577
48201452300,29.71085727,-95.56434887
48201452400,29.71005017,-95.57951186
48201452500,29.70903661,-95.60096142
48201452600,29.70802916,-95.62849249
48201452700,29.69643428,-95.62889886
48201452801,29.69613603,-95.60948938
48201452802,29.69628623,-95.60019979
48201452900,29.69630745,-95.5918491
48201453000,29.69612039,-95.5792367
48201453100,29.69671151,-95.56419462
48201453200,29.68202118,-95.56448477
48201453300,29.66416778,-95.5651036
48201453401,29.6544925,-95.5762822
48201453402,29.66578498,-95.5761387
48201453403,29.66976122,-95.58513134
48201453501,29.66414879,-95.58994633
48201453502,29.67116151,-95.59824059
48201453601,29.68223372,-95.59157803
48201453602,29.68168902,-95.57877337
48201453700,29.68297459,-95.60519021
48201453800,29.67118562,-95.60884986
48201453900,29.68332777,-95.626827
48201454000,29.69600422,-95.65107068
48201454100,29.70538927,-95.65383024
48201454200,29.7051011,-95.66930398
48201454301,29.7217505,-95.65178128
48201454302,29.71483963,-95.67022757
48201454400,29.74928805,-95.67232999
48201454501,29.76803617,-95.70113923
48201454502,29.74161734,-95.71581155
48201454600,29.78026495,-95.73570731
48201454700,29.76632479,-95.72601296
48201454800,29.76698831,-95.7433013
48201454900,29.75022062,-95.73843116
48201455000,29.75433136,-95.75812953
48201455101,29.76677035,-95.75960665
48201455102,29.76640241,-95.77115617
48201455200,29.77991468,-95.76444296
48201455300,29.77637375,-95.78984392
48201510100,29.77007999,-95.37133706
48201510200,29.76986015,-95.38618256
48201510300,29.78409534,-95.37884417
48201510400,29.78375084,-95.39259842
48201510500,29.78382703,-95.40349128
48201510600,29.77401024,-95.41153826
48201510700,29.76584421,-95.40391799
48201510800,29.76721944,-95.43619059
48201510900,29.7841411,-95.43078582
48201511001,29.79905857,-95.44211278
48201511002,29.79509163,-95.42994417
48201511100,29.80841588,-95.42665054
48201511200,29.79981547,-95.41739403
48201511301,29.79726143,-95.40544949
48201511302,29.79739959,-95.39352379
48201511400,29.79578782,-95.38312416
48201511500,29.80854085,-95.39660882
48201511600,29.80301154,-95.37704191
48201520100,29.79209359,-95.46031786
48201520200,29.78926876,-95.47653509
48201520300,29.7987086,-95.4764718
48201520400,29.80837301,-95.47727253
48201520500,29.8225329,-95.48076179
48201520601,29.81679612,-95.49267636
48201520602,29.80688738,-95.49293323
48201520700,29.79932186,-95.49673628
48201521000,29.79426053,-95.51780991
48201521100,29.80176688,-95.51970065
48201521200,29.80691911,-95.51181586
48201521300,29.81596499,-95.51393935
48201521400,29.82633463,-95.50306218
48201521500,29.82705185,-95.5176328
48201521600,29.84247297,-95.53128672
48201521700,29.85438632,-95.52503909
48201521800,29.85023449,-95.55478577
48201521900,29.82238803,-95.55441572
48201522000,29.82731382,-95.53558951
48201522100,29.81651196,-95.5352108
48201522201,29.80588152,-95.53329568
48201522202,29.80045303,-95.53788923
48201522301,29.7902462,-95.52689807
48201522302,29.78927406,-95.53804979
48201522401,29.79840037,-95.54931376
48201522402,29.79852235,-95.55860182
48201522500,29.78980218,-95.50134514
48201530100,29.81231518,-95.45316897
48201530200,29.81580928,-95.42428165
48201530300,29.81752564,-95.38878528
48201530400,29.82612321,-95.38797741
48201530500,29.83726003,-95.39526849
48201530600,29.83131006,-95.40519765
48201530700,29.85566544,-95.40568774
48201530800,29.85344061,-95.42021485
48201530900,29.83596526,-95.42014723
48201531000,29.8251751,-95.41998859
48201531100,29.82487507,-95.43774398
48201531200,29.82685707,-95.45194905
48201531300,29.82307743,-95.46393678
48201531400,29.83020301,-95.47099519
48201531500,29.83690814,-95.47641407
48201531600,29.83779066,-95.45423986
48201531700,29.8357786,-95.43576138
48201531800,29.85346606,-95.43633918
48201531900,29.85313252,-95.45323211
48201532001,29.85641317,-95.47017622
48201532002,29.84546933,-95.46543695
48201532100,29.84515876,-95.4797127
48201532200,29.85663875,-95.48222524
48201532300,29.85667808,-95.50279539
48201532400,29.8714523,-95.50321919
48201532501,29.88729736,-95.51466275
48201532502,29.88602357,-95.50027415
48201532600,29.89185136,-95.48628721
48201532700,29.87639152,-95.4806835
48201532800,29.87275273,-95.47147047
48201532900,29.89259612,-95.4731808
48201533000,29.88932782,-95.46173494
48201533100,29.87619821,-95.45570448
48201533200,29.86687974,-95.44959279
48201533300,29.87545294,-95.42179117
48201533400,29.88718474,-95.44042669
48201533500,29.8927889,-95.41849379
48201533600,29.90854225,-95.42511159
48201533701,29.92859439,-95.4309348
48201533702,29.91874661,-95.43844175
48201533801,29.90897921,-95.45602208
48201533802,29.92790457,-95.46731923
48201533901,29.92666694,-95.48766926
48201533902,29.93034703,-95.50113186
48201534001,29.90685529,-95.48473253
48201534002,29.91465214,-95.50269583
48201534003,29.93021756,-95.51248271
48201534100,29.91504033,-95.52617761
48201534201,29.91161964,-95.54804008
48201534202,29.88935304,-95.53668105
48201534203,29.87259073,-95.53709473
48201540100,29.85653595,-95.58495235
48201540200,29.82228728,-95.56976597
48201540501,29.85132285,-95.64222535
48201540502,29.8460309,-95.63239375
48201540601,29.86087644,-95.63135183
48201540602,29.87272808,-95.63440805
48201540700,29.85689924,-95.6152919
48201540800,29.89166582,-95.60397211
48201540901,29.88971674,-95.62444379
48201540902,29.89406315,-95.63210566
48201541001,29.91617879,-95.63806625
48201541002,29.92566706,-95.65887667
48201541003,29.92508989,-95.67518715
48201541100,29.90100918,-95.65149496
48201541201,29.89309439,-95.67647882
48201541202,29.88832944,-95.66096175
48201541203,29.88885375,-95.64908134
48201541300,29.87253314,-95.66501595
48201541400,29.857906,-95.65662617
48201541500,29.85616507,-95.6779756
48201541601,29.83916476,-95.68801841
48201541602,29.84088892,-95.66146551
48201541700,29.80834779,-95.66586024
48201541800,29.79255945,-95.70357772
48201541900,29.81590066,-95.69524844
48201542000,29.8158275,-95.71187168
48201542101,29.85056725,-95.7047089
48201542102,29.87217517,-95.70303355
48201542200,29.85562293,-95.7439742
48201542301,29.82108753,-95.73224587
48201542302,29.81074445,-95.74160638
48201542400,29.79315324,-95.73573743
48201542500,29.7933996,-95.76394851
48201542600,29.79361657,-95.7888299
48201542700,29.79301172,-95.81451266
48201542800,29.81744792,-95.82211247
48201542900,29.84130737,-95.7995977
48201543001,29.93859402,-95.768292
48201543002,29.9348294,-95.70416636
48201543003,29.88731132,-95.70165673
48201543100,29.96398231,-95.85221636
48201543200,29.80848229,-95.6073571
48201550100,29.94492374,-95.4284325
48201550200,29.95839596,-95.42890053
48201550301,29.98312094,-95.42784571
48201550302,30.00288551,-95.44181995
48201550401,29.98721643,-95.46150258
48201550402,29.9699541,-95.44767867
48201550500,29.95251487,-95.44546506
48201550601,29.95726302,-95.45855204
48201550602,29.94412806,-95.45944055
48201550603,29.95766239,-95.47006855
48201550700,29.94242336,-95.49707535
48201550800,29.95059033,-95.47593939
48201550900,29.95719746,-95.48918664
48201551000,29.96973156,-95.49177094
48201551100,29.97922897,-95.48315193
48201551200,29.97436745,-95.50147299
48201551300,29.95179045,-95.50713363
48201551400,29.96269377,-95.52300995
48201551500,29.94260473,-95.54767173
48201551600,29.92968159,-95.56700531
48201551701,29.91050266,-95.5771136
48201551702,29.90152823,-95.5616135
48201551703,29.91602376,-95.56260234
48201551800,29.88711837,-95.56384244
48201551900,29.90086339,-95.58959379
48201552001,29.91654197,-95.59407078
48201552002,29.91323591,-95.60883934
48201552101,29.92289941,-95.61856595
48201552102,29.93792681,-95.61334905
48201552103,29.93824282,-95.62480076
48201552200,29.94600717,-95.6475837
48201552301,29.95615958,-95.61855579
48201552302,29.96148798,-95.59555303
48201552400,29.93942065,-95.59669511
48201552500,29.95021294,-95.57376886
48201552601,29.96279818,-95.56554833
48201552602,29.97524072,-95.57702295
48201552700,29.97658685,-95.55343885
48201552800,29.98197264,-95.53288226
48201552900,29.99366814,-95.51416561
48201553001,30.00161398,-95.49636517
48201553002,30.01138017,-95.47922344
48201553100,30.01930909,-95.46335163
48201553200,30.02734985,-95.44841423
48201553300,30.02647419,-95.43471063
48201553401,30.0411226,-95.4436436
48201553402,30.05105841,-95.45262024
48201553403,30.05769259,-95.46340327
48201553500,30.03645277,-95.47527631
48201553600,30.02698161,-95.49297896
48201553700,30.01755607,-95.51005989
48201553801,30.04192156,-95.50551354
48201553802,30.0354845,-95.52387223
48201553900,30.02833698,-95.54039979
48201554001,30.00998042,-95.52580939
48201554002,29.99972746,-95.54380555
48201554101,30.02268117,-95.54928619
48201554102,30.0159479,-95.55660505
48201554200,30.00276313,-95.57090214
48201554301,29.98901095,-95.59386456
48201554302,29.97513907,-95.61162739
48201554401,29.97051149,-95.65369836
48201554402,29.99184052,-95.6818976
48201554403,29.99907168,-95.71097402
48201554501,30.01161439,-95.66331188
48201554502,29.99098463,-95.63323343
48201554600,30.00229246,-95.61879602
48201554700,30.0033371,-95.59784376
48201554801,30.04227407,-95.59521261
48201554802,30.07068955,-95.57034714
48201554901,30.08449992,-95.54143789
48201554902,30.0977926,-95.52000874
48201554903,30.06100793,-95.51992092
48201555000,30.0646659,-95.47955699
48201555100,30.07711346,-95.46660504
48201555200,30.09567482,-95.47196679
48201555301,30.12139239,-95.51523581
48201555302,30.13992328,-95.53197551
48201555303,30.13407929,-95.57061418
48201555401,30.10644675,-95.60616715
48201555402,30.09408343,-95.62278806
48201555501,30.07819473,-95.66519249
48201555502,30.03365213,-95.64150153
48201555600,30.05878174,-95.73228741
48201555701,30.01075844,-95.74039955
48201555702,30.00893486,-95.76078223
48201556000,30.07381681,-95.85850116
48201980000,29.64615448,-95.2772597
48201980100,29.9890257,-95.34008684
48291700100,30.33459056,-95.1200836
48291700200,30.35834941,-95.06174334
48291700300,30.22628784,-95.06644355
48291700400,30.25176837,-94.92673301
48291700500,30.37479968,-94.89741107
48291700600,30.37089822,-94.7530636
48291700700,30.19138092,-94.77013436
48291700800,30.11876902,-94.88519407
48291700900,30.10062481,-94.983061
48291701000,29.97488091,-94.95607147
48291701100,29.96090961,-94.84399505
48291701200,30.00411424,-94.76970705
48291701300,30.1123718,-94.60610031
48291701400,29.97822122,-94.60936805
48321730100,29.06157477,-95.99743111
48321730201,29.0996791,-95.90527567
48321730202,29.00163806,-95.82020067
48321730301,28.97568521,-95.95362715
48321730302,28.95587445,-95.96128137
48321730303,28.93107485,-95.86330036
48321730400,28.92318548,-95.9872304
48321730501,28.74896486,-95.8677958
48321730600,28.66250709,-96.18542396
48321730700,28.91526152,-96.15187217
48339690100,30.12062311,-95.75765845
48339690201,30.1798079,-95.76336838
48339690202,30.14300623,-95.68805654
48339690300,30.21431557,-95.73022108
48339690401,30.24013346,-95.64382638
48339690402,30.18161887,-95.63394669
48339690500,30.24622722,-95.52210591
48339690601,30.21631417,-95.52109803
48339690602,30.17767194,-95.57053206
48339690700,30.20549927,-95.46769819
48339690800,30.19701855,-95.49255063
48339690900,30.19637758,-95.51609745
48339691000,30.18618342,-95.51334432
48339691100,30.17749433,-95.51525912
48339691200,30.16976197,-95.48893465
48339691301,30.1658243,-95.52102799
48339691302,30.15158749,-95.49642944
48339691400,30.12075752,-95.47239738
48339691500,30.14022502,-95.47387545
48339691601,30.14923287,-95.45938516
48339691602,30.13529931,-95.45447423
48339691700,30.16542792,-95.4643567
48339691800,30.15157973,-95.44157803
48339691900,30.12847349,-95.42413238
48339692001,30.14186142,-95.39411585
48339692002,30.08369374,-95.3310183
48339692100,30.20241427,-95.42552066
48339692200,30.2213153,-95.36076071
48339692300,30.10606732,-95.28849873
48339692400,30.07736082,-95.22795906
48339692500,30.12504673,-95.18993756
48339692601,30.20466361,-95.27861953
48339692602,30.15497759,-95.26927571
48339692700,30.21979562,-95.23577034
48339692801,30.21206066,-95.15155435
48339692802,30.16695244,-95.14871709
48339692900,30.28682795,-95.18593112
48339693000,30.29728832,-95.30712429
48339693101,30.30846068,-95.44157688
48339693102,30.29779237,-95.41690094
48339693200,30.26421194,-95.43273139
48339693300,30.28301557,-95.48243881
48339693400,30.29951693,-95.46082877
48339693500,30.32411672,-95.4651507
48339693600,30.31906682,-95.48666833
48339693700,30.35307486,-95.52053108
48339693800,30.3628614,-95.47289065
48339693900,30.3477284,-95.42913478
48339694000,30.36463221,-95.3153284
48339694101,30.45635227,-95.41397485
48339694102,30.41254667,-95.42853528
48339694201,30.46786816,-95.54078594
48339694202,30.40206923,-95.54110794
48339694301,30.40743089,-95.63376465
48339694302,30.37085411,-95.60239835
48339694400,30.34359356,-95.60752108
48339694500,30.29605484,-95.61847572
48339694600,30.33857353,-95.75464513
48339694700,30.50482561,-95.72106908
48471790101,30.90941794,-95.52238677
48471790102,30.81514207,-95.48440403
48471790103,30.776376,-95.41377298
48471790200,30.61985965,-95.42566302
48471790300,30.61383976,-95.63360566
48471790400,30.78236324,-95.72162935
48471790500,30.72925896,-95.5634457
48471790600,30.73001423,-95.53817686
48471790700,30.70093967,-95.53671769
48471790800,30.70762313,-95.55473747
48473680100,29.81272067,-95.87152292
48473680200,29.84518219,-95.98917939
48473680300,30.04742404,-95.97671769
48473680400,30.09476766,-95.98225522
48473680500,30.09343902,-96.07215861
48473680600,30.1757343,-95.87266929
48481740100,29.4719109,-96.18056742
48481740200,29.35655516,-96.09618488
48481740300,29.30190374,-96.15880811
48481740400,29.28780174,-96.08618022
48481740500,29.37054587,-96.01772664
48481740600,29.23542287,-95.98305332
48481740700,29.1760502,-96.14041132
48481740800,29.24760703,-96.22760934
48481740900,29.29735138,-96.30436346
48481741000,29.10125247,-96.22029743
48481741100,29.18032927,-96.42304555
